"business_id","address","categories","coordinates","insertedAtTimestamp","name","number_of_reviews","rating","zip_code"
"VuR3lhMA80aH42jrBM_C8A","308 Bowery","French","{""latitude"":{""N"":""40.7249172""},""longitude"":{""N"":""-73.9925423""}}","2021-10-12 15:13:30","Duane Park","4.5","4.5","10012"
"csVEpHy5KJoFvM1qp5XwLQ","163 East 33rd St","French","{""latitude"":{""N"":""40.7454079308793""},""longitude"":{""N"":""-73.9791478306885""}}","2021-10-12 15:08:51","Le Parisien","4","4","10016"
"DEHWHskp2gSAkfdylc4SNA","2269 Adam Clayton Powell Jr Blvd","French","{""latitude"":{""N"":""40.8142691169743""},""longitude"":{""N"":""-73.9441050339131""}}","2021-10-12 15:13:30","Yatenga French Bistro & Bar","4","4","10030"
"6ujYWjs1FTksvuVxuzjUYA","12 E 22nd St","French","{""latitude"":{""N"":""40.7400817871094""},""longitude"":{""N"":""-73.9887542724609""}}","2021-10-12 15:13:29","Almond","3.5","3.5","10010"
"Okbtt-ISFB3kuoxkl2wVgg","151 E 82nd St","French","{""latitude"":{""N"":""40.77682""},""longitude"":{""N"":""-73.95698""}}","2021-10-12 15:11:30","The Simone","5","5","10028"
"bQPU31GkNo3TkPnq7iSngg","948 1st Ave","French","{""latitude"":{""N"":""40.75523""},""longitude"":{""N"":""-73.965164""}}","2021-10-12 15:08:57","Jubilee","4","4","10022"
"eL1ojVz0QYCZ7xJOii46LQ","127 E 7th St","French","{""latitude"":{""N"":""40.726467""},""longitude"":{""N"":""-73.9839901""}}","2021-10-12 15:11:24","Papilles","4.5","4.5","10009"
"Knbn0h4MA1KX5Fv3eZfK4w","201 W 79th St","French","{""latitude"":{""N"":""40.78337""},""longitude"":{""N"":""-73.97847""}}","2021-10-12 15:12:23","Nice Matin","3.5","3.5","10024"
"s3jou_L_LVYGkNHiuhjlew","99 7th Ave S","French","{""latitude"":{""N"":""40.733063""},""longitude"":{""N"":""-74.0028772""}}","2021-10-12 15:08:51","Boucherie West Village","4.5","4.5","10014"
"C2o3Iw-DXjoUJFgQIbiqkQ","222 Lafayette St","French","{""latitude"":{""N"":""40.722062""},""longitude"":{""N"":""-73.997587""}}","2021-10-12 15:13:30","BoCaphe","4","4","10012"
"cTE0e96GYzet799EJeStoQ","149 W 14th St","French","{""latitude"":{""N"":""40.7384""},""longitude"":{""N"":""-73.99892""}}","2021-10-12 15:13:30","Chama Mama","4.5","4.5","10011"
"Rmm6fu7kejcnMoSlVLyl3w","120 W 41st St","French","{""latitude"":{""N"":""40.7543759""},""longitude"":{""N"":""-73.98563""}}","2021-10-12 15:13:29","Ortzi NYC","4","4","10036"
"XDMtYVpUQag-uay9DHMm9A","1578 1st Ave","French","{""latitude"":{""N"":""40.77433249323621""},""longitude"":{""N"":""-73.9509927699736""}}","2021-10-12 15:12:24","Quatorze Bis","4","4","10028"
"fAPkN79fe7Gjq7A6fj6s9Q","75-57 31st Ave","French","{""latitude"":{""N"":""40.7587335""},""longitude"":{""N"":""-73.8920429""}}","2021-10-12 15:08:56","Bistro Eloise","4.5","4.5","11370"
"0Q3xCYWK2N-wJfXjLa9dFg","239 West Broadway","French","{""latitude"":{""N"":""40.71958""},""longitude"":{""N"":""-74.00581""}}","2021-10-12 15:12:23","Bâtard","4","4","10013"
"bOHWY14f1u8rR1t2ggmbYw","240 E 75th St","French","{""latitude"":{""N"":""40.7709199""},""longitude"":{""N"":""-73.95759""}}","2021-10-12 15:13:29","B Cafe East","4","4","10021"
"H_KyiRhwho8rdlw_R93_0Q","240 Central Park S","French","{""latitude"":{""N"":""40.7674213694566""},""longitude"":{""N"":""-73.9810554368179""}}","2021-10-12 15:13:30","Marea","4","4","10019"
"wDLHOgux_G8Y82Y6D9rSog","178 Prince St","French","{""latitude"":{""N"":""40.72612""},""longitude"":{""N"":""-74.002068""}}","2021-10-12 15:12:24","Maison Sun","4.5","4.5","10012"
"MOwB9YYd-Ko6nVgSB-ltQw","370 W 51st St","French","{""latitude"":{""N"":""40.7637997047278""},""longitude"":{""N"":""-73.9880919456482""}}","2021-10-12 15:12:24","Briciola","4","4","10019"
"lw4ZMgn-QBh_5W1ipNHjaw","29 E 61st St","French","{""latitude"":{""N"":""40.7648""},""longitude"":{""N"":""-73.9699213""}}","2021-10-12 15:12:23","La Goulue","3.5","3.5","10065"
"M85t-iOAbMpO9mVIKAgwMw","157 Suydam St","French","{""latitude"":{""N"":""40.6993863968861""},""longitude"":{""N"":""-73.9265948743181""}}","2021-10-12 15:14:27","Le Garage","4","4","11221"
"k4ds_s6y8S46WzVIolypLQ","1268 2nd Ave","French","{""latitude"":{""N"":""40.7652988""},""longitude"":{""N"":""-73.9609017""}}","2021-10-12 15:13:30","Serena's Wine Bar","4","4","10065"
"npiIhpcWePbVT3JYEcy3zg","20 Spring St","French","{""latitude"":{""N"":""40.7213813139202""},""longitude"":{""N"":""-73.9950757664721""}}","2021-10-12 15:11:24","Wayan","4","4","10012"
"RdjykuwofIdvPTwohJeulw","12 W 48th St","French","{""latitude"":{""N"":""40.75754502006123""},""longitude"":{""N"":""-73.9791089""}}","2021-10-12 15:08:51","Maman Rockefeller","4.5","4.5","10036"
"8nXo6lNJlXQQIdy8Kf7J9Q","349 Amsterdam Ave","French","{""latitude"":{""N"":""40.7814059""},""longitude"":{""N"":""-73.97918""}}","2021-10-12 15:12:24","Tessa","4","4","10024"
"RQojRzAYA9Cq87PqwQq5yg","356 E 51st St","French","{""latitude"":{""N"":""40.7544765""},""longitude"":{""N"":""-73.9660238""}}","2021-10-12 15:08:51","Deux Amis","4","4","10022"
"xtfKAP7X36CCZrJm_Ta6Cg","519 Columbus Ave","French","{""latitude"":{""N"":""40.78586""},""longitude"":{""N"":""-73.97242""}}","2021-10-12 15:11:30","The Consulate","4","4","10024"
"XBWO26QblInZGftnSDD94A","211 W Broadway","French","{""latitude"":{""N"":""40.7188969""},""longitude"":{""N"":""-74.0062207""}}","2021-10-12 15:13:37","Maman Tribeca","4","4","10013"
"kMljfja7weqfl_lzspjzHA","284 W 12th St","French","{""latitude"":{""N"":""40.737385""},""longitude"":{""N"":""-74.003966""}}","2021-10-12 15:12:24","Cafe Cluny","4","4","10014"
"QvQilClGyuKFz08TBsoJNA","225 Liberty St","French","{""latitude"":{""N"":""40.7126473617984""},""longitude"":{""N"":""-74.0157784596443""}}","2021-10-12 15:13:30","Le District","3.5","3.5","10281"
"I6optu9x0JAf8oT5lqJ8qw","308 W 50th St","French","{""latitude"":{""N"":""40.76244""},""longitude"":{""N"":""-73.98674""}}","2021-10-12 15:13:28","The Blue Dog Cookhouse & Bar","4","4","10019"
"Ps0cOZevNA1M9M5_z7W3oQ","170 Waverly Pl","French","{""latitude"":{""N"":""40.7336021670705""},""longitude"":{""N"":""-74.001675412843""}}","2021-10-12 15:12:24","Joseph Leonard","4","4","10014"
"EF4M55USa1ZNy1rP5Kuk2w","135 Atlantic Ave","French","{""latitude"":{""N"":""40.6907305802403""},""longitude"":{""N"":""-73.99551244328""}}","2021-10-12 15:12:23","Chez Moi","4","4","11201"
"5IGFJRN06HiclnivxaFThQ","718 2nd Ave","French","{""latitude"":{""N"":""40.74754""},""longitude"":{""N"":""-73.9735""}}","2021-10-12 15:14:26","El Pote Español Restaurant","4","4","10016"
"1A3m0-dOhF2PKRU_8S2YYQ","626 10th Ave","French","{""latitude"":{""N"":""40.76108""},""longitude"":{""N"":""-73.99419""}}","2021-10-12 15:08:59","Le Prive","4.5","4.5","10036"
"ndd1BQLqFINytM4kbkCjgQ","515 W 52nd St","French","{""latitude"":{""N"":""40.7663868""},""longitude"":{""N"":""-73.9915846""}}","2021-10-12 15:08:55","La Bergamote","4","4","10019"
"8ucQ3A7f6h9_PkKStYBkQA","581 Vanderbilt Ave","French","{""latitude"":{""N"":""40.680311""},""longitude"":{""N"":""-73.967596""}}","2021-10-12 15:13:37","LaLou","4","4","11238"
"HUEj_yVB1E2mNNxW5PqUtQ","405 East 58th St","French","{""latitude"":{""N"":""40.7588875""},""longitude"":{""N"":""-73.961963""}}","2021-10-12 15:08:56","Bistro Vendome","4","4","10022"
"A8zppFZvBDGUKRSUrzJWMg","414 W 42nd St","French","{""latitude"":{""N"":""40.758502""},""longitude"":{""N"":""-73.993413""}}","2021-10-12 15:09:00","Chez Josephine","3.5","3.5","10036"
"ETgJqJHV7BW6pIr9Ox74sA","22 W 8th St","French","{""latitude"":{""N"":""40.7327""},""longitude"":{""N"":""-73.99766""}}","2021-10-12 15:08:51","Amélie","4.5","4.5","10011"
"tmzWZtu9Nimn7Hfas9XmcA","120 W 55th St","French","{""latitude"":{""N"":""40.76306""},""longitude"":{""N"":""-73.9786""}}","2021-10-12 15:11:24","Quality Bistro","4.5","4.5","10019"
"e4YHihk1HFJ1EB7oD7dKDw","853 Lexington Ave","French","{""latitude"":{""N"":""40.765595""},""longitude"":{""N"":""-73.965433""}}","2021-10-12 15:14:26","Sel et Poivre","3.5","3.5","10065"
"uby3glEc0Brt9LAoCI0WTg","249 Park Ave S","French","{""latitude"":{""N"":""40.738162056865""},""longitude"":{""N"":""-73.987657""}}","2021-10-12 15:11:30","L’Express","3.5","3.5","10003"
"3V20VbC45XL4TBYTL9DrOg","110 St Marks Pl","French","{""latitude"":{""N"":""40.7269310030458""},""longitude"":{""N"":""-73.9843428879976""}}","2021-10-12 15:13:29","David's Cafe","4","4","10009"
"m9zYRZFubncaWsQFIfNo5g","176 8th Ave","French","{""latitude"":{""N"":""40.74268299733855""},""longitude"":{""N"":""-74.00017913437422""}}","2021-10-12 15:14:26","Loulou Petit Bistro & Speakeasy","4","4","10011"
"YE4pvo8ectzEaRYGqUgFcA","1166 1st Ave","French","{""latitude"":{""N"":""40.76256""},""longitude"":{""N"":""-73.9596""}}","2021-10-12 15:14:27","Felice 64","4","4","10065"
"oyxtaqfFZkP_vC0M6GfkbA","365 W 50th St","French","{""latitude"":{""N"":""40.76346""},""longitude"":{""N"":""-73.9883""}}","2021-10-12 15:11:25","Chez Napoleon","4","4","10019"
"V69n3YrAs59GenGB2jLVrA","1057 Lexington Ave","French","{""latitude"":{""N"":""40.772384""},""longitude"":{""N"":""-73.960433""}}","2021-10-12 15:11:30","Orsay","3.5","3.5","10021"
"4XX-zF8h5Lvrr22_tqU6-Q","1 Water St","French","{""latitude"":{""N"":""40.70318""},""longitude"":{""N"":""-73.9946499""}}","2021-10-12 15:13:30","The River Café","4","4","11201"
"0Q13lJ3OHXOuBVpN6jeTjw","253 W 11th St","French","{""latitude"":{""N"":""40.7362899""},""longitude"":{""N"":""-74.00344""}}","2021-10-12 15:09:01","Tartine","4","4","10014"
"Bx9ufqCtxxdl2l6pT3J45g","911 7th Ave","French","{""latitude"":{""N"":""40.7658521957585""},""longitude"":{""N"":""-73.979433064085""}}","2021-10-12 15:13:29","Petrossian Boutique & Cafe","4","4","10019"
"U1H_LiA_-9NtaSbehPdODw","154 E 39th St","French","{""latitude"":{""N"":""40.7489198""},""longitude"":{""N"":""-73.9763381""}}","2021-10-12 15:11:25","Ratatouille","4.5","4.5","10016"
"g5f6p9jfzB30Mhcu6d5OWA","14 Christopher St","French","{""latitude"":{""N"":""40.73382""},""longitude"":{""N"":""-74.00042""}}","2021-10-12 15:11:24","Petite Boucherie","4.5","4.5","10014"
"W1pBIFhkjJwjTe2P7o57yg","50 W 72nd St","French","{""latitude"":{""N"":""40.77698""},""longitude"":{""N"":""-73.9785""}}","2021-10-12 15:14:27","Lilly's Cocktail and Wine","4","4","10023"
"P2CTp4xyaNCe2AXSiLeOSQ","145 W Broadway","French","{""latitude"":{""N"":""40.71692""},""longitude"":{""N"":""-74.00792""}}","2021-10-12 15:12:23","The Odeon","4","4","10013"
"vegSCksJy6SI8WUGttLH-w","99 South Portland Ave","French","{""latitude"":{""N"":""40.686579""},""longitude"":{""N"":""-73.974191""}}","2021-10-12 15:14:26","Fradei Bistro","4.5","4.5","11217"
"nBkSqOhZMa1A7Yk3q8VPaA","180 Ludlow St","French","{""latitude"":{""N"":""40.72183""},""longitude"":{""N"":""-73.98719""}}","2021-10-12 15:08:58","Dirty French","4","4","10002"
"JU5d81TYm7IJHWqOqJWMqw","103 Havemeyer St","French","{""latitude"":{""N"":""40.7132687751084""},""longitude"":{""N"":""-73.9564743950496""}}","2021-10-12 15:13:37","Have & Meyer","4","4","11211"
"mBZUWdasmua9XOsWy8xdWA","206 E 85th St","French","{""latitude"":{""N"":""40.777824""},""longitude"":{""N"":""-73.954143""}}","2021-10-12 15:11:31","Jacques","3.5","3.5","10028"
"mv8dMMzzrzalso3sYCP_QA","214 Smith St","French","{""latitude"":{""N"":""40.68451""},""longitude"":{""N"":""-73.99225""}}","2021-10-12 15:12:23","CAFÉ LULUc","4","4","11201"
"WoZnkXZInggzgQM_LbDpGg","26 Greenwich Ave","French","{""latitude"":{""N"":""40.735025""},""longitude"":{""N"":""-73.999857""}}","2021-10-12 15:11:30","Le Baratin","4","4","10011"
"pV-f6jq8mqNWymbPyPNmzg","181 W 10th St","French","{""latitude"":{""N"":""40.734489440918""},""longitude"":{""N"":""-74.0026245117188""}}","2021-10-12 15:14:27","BOBO","4","4","10014"
"UJe9_p6NEl0kA6xHVo5PKw","566 Amsterdam Ave","French","{""latitude"":{""N"":""40.78875""},""longitude"":{""N"":""-73.97464""}}","2021-10-12 15:08:52","Amelie","4.5","4.5","10024"
"Nt36orNgZKCsGcdHw8TwEg","30 E 20th St","French","{""latitude"":{""N"":""40.738572""},""longitude"":{""N"":""-73.988906""}}","2021-10-12 15:12:23","Francis & Staub - La Rotisserie","4.5","4.5","10003"
"ykTc4pZYEAY0Esd0yVFSOQ","66 W 84th St","French","{""latitude"":{""N"":""40.78492""},""longitude"":{""N"":""-73.97291""}}","2021-10-12 15:11:30","Vin Sur Vingt","4.5","4.5","10024"
"JLpEKUYAtzBRQwsUL3RPIA","54 W 55th St","French","{""latitude"":{""N"":""40.762441""},""longitude"":{""N"":""-73.977206""}}","2021-10-12 15:14:26","Il Corso","4.5","4.5","10019"
"5LqclCP-RTj61-5QNo0jZw","341 St Nicholas Ave","French","{""latitude"":{""N"":""40.8121862892803""},""longitude"":{""N"":""-73.9516100875101""}}","2021-10-12 15:14:26","Maison Harlem","3.5","3.5","10027"
"Du4yrt8aWlBhOeEjhEH3ww","194 Spring St","French","{""latitude"":{""N"":""40.72498""},""longitude"":{""N"":""-74.00328""}}","2021-10-12 15:12:24","St Tropez - Soho","4","4","10012"
"iNiq1vgWpEa48jlPAce8wQ","35-12 Ditmars Blvd","French","{""latitude"":{""N"":""40.774416""},""longitude"":{""N"":""-73.908739""}}","2021-10-12 15:14:27","The Thirsty Koala","4.5","4.5","11105"
"OwDRIugcA4LkUuTRqpJsog","47 Java St","French","{""latitude"":{""N"":""40.7312720665479""},""longitude"":{""N"":""-73.9593493647979""}}","2021-10-12 15:14:26","Naked Dog","4.5","4.5","11222"
"O64wSq9NvecPNPRkz38o8Q","390 4th St","French","{""latitude"":{""N"":""40.72473095928894""},""longitude"":{""N"":""-74.05183738424924""}}","2021-10-12 15:13:29","Madame Claude Bis","4","4","07302"
"NMVRHrkdp68twl4CWo1I5A","630 9th Ave","French","{""latitude"":{""N"":""40.7597589""},""longitude"":{""N"":""-73.9914186""}}","2021-10-12 15:08:56","Marseille","4","4","10036"
"FbGw2sPwZZlZuEndVpP2pQ","577 Union Ave","French","{""latitude"":{""N"":""40.7177""},""longitude"":{""N"":""-73.95238""}}","2021-10-12 15:08:54","La Petite Joie","5","5","11211"
"R-biStUvl2zuhIQFk40GsQ","245 W 29th St","French","{""latitude"":{""N"":""40.7486725""},""longitude"":{""N"":""-73.9945145""}}","2021-10-12 15:11:30","OCabanon","4","4","10001"
"TGP5gbAgml0IDRLGCpFnCw","103 Ave B","French","{""latitude"":{""N"":""40.72473""},""longitude"":{""N"":""-73.98115""}}","2021-10-12 15:11:24","PMF Pardon My French","4","4","10009"
"KIIYvTOc0Uv90aUHEGvoSg","3 E 52nd St","French","{""latitude"":{""N"":""40.75972""},""longitude"":{""N"":""-73.97555""}}","2021-10-12 15:08:56","La Grenouille","4","4","10022"
"j69WHdRCVQTypfe7hQWauw","963 Lexington Ave","French","{""latitude"":{""N"":""40.76911811325526""},""longitude"":{""N"":""-73.96291345561302""}}","2021-10-12 15:12:24","Brasserie Cognac East","3.5","3.5","10021"
"escMR9M42UsHQIglAz1pJw","31-13 Ditmars Blvd","French","{""latitude"":{""N"":""40.775832308033""},""longitude"":{""N"":""-73.9100879056678""}}","2021-10-12 15:14:26","Bubba's Bistro","4","4","11105"
"obFs12x7mgYPGxgalBd22w","138 Lafayette St","French","{""latitude"":{""N"":""40.71909""},""longitude"":{""N"":""-74.00013""}}","2021-10-12 15:13:37","Le Coucou","4","4","10013"
"DU_DMCalguwdsnmLOJX3mg","215 Union St","French","{""latitude"":{""N"":""40.683501""},""longitude"":{""N"":""-73.999304""}}","2021-10-12 15:14:26","La Cigogne ","4","4","11231"
"NIX9YFX1taOkm1J9IGuLqA","60 Thompson St","French","{""latitude"":{""N"":""40.72399""},""longitude"":{""N"":""-74.00316""}}","2021-10-12 15:12:24","Bistrot Leo","3.5","3.5","10012"
"ZOfk6Ao0db5icjc0WEq7zg","409-411 Atlantic Ave","French","{""latitude"":{""N"":""40.68692""},""longitude"":{""N"":""-73.98437""}}","2021-10-12 15:12:24","Bacchus Bistro & Wine Bar","4","4","11217"
"RKpp5WskkZmOjpJtRlbY9g","304 E 49th St","French","{""latitude"":{""N"":""40.75398""},""longitude"":{""N"":""-73.96857""}}","2021-10-12 15:11:24","Poulette - Midtown East","4","4","10017"
"5XQgZQF-5N94bkQ2d_PJIQ","1308 Madison Ave","French","{""latitude"":{""N"":""40.78521""},""longitude"":{""N"":""-73.95595""}}","2021-10-12 15:11:30","Pascalou","4","4","10128"
"mZ1gKg1OT9-YHxplYLKIpw","90 The Promenade","French","{""latitude"":{""N"":""40.8059111677674""},""longitude"":{""N"":""-73.9875190460327""}}","2021-10-12 15:13:30","Fleming’s Prime Steakhouse & Wine Bar","4","4","07020"
"844H9r0tRQZmxiEtjeTW0A","9 W 53rd St","French","{""latitude"":{""N"":""40.7610309319265""},""longitude"":{""N"":""-73.9765593703613""}}","2021-10-12 15:12:24","The Bar Room","4","4","10019"
"mosd9Voq5Ws6k6Uduii_ww","1900 Broadway","French","{""latitude"":{""N"":""40.7718443592464""},""longitude"":{""N"":""-73.9818808860381""}}","2021-10-12 15:12:24","Bar Boulud","3.5","3.5","10023"
"bTyyPU8A4pz9dieLSZPMdA","340 W 46th St","French","{""latitude"":{""N"":""40.76023""},""longitude"":{""N"":""-73.98957""}}","2021-10-12 15:08:59","Le Rivage","4","4","10036"
"FiRB9Ek3Xo9JHwXgBYITYg","558 Broome St","French","{""latitude"":{""N"":""40.7243642217227""},""longitude"":{""N"":""-74.005708694458""}}","2021-10-12 15:08:50","La Sirène-Soho","4.5","4.5","10013"
"xTnivXEdEtXrnhp-z4JGvg","9 Maiden Ln","French","{""latitude"":{""N"":""40.70961""},""longitude"":{""N"":""-74.0093799""}}","2021-10-12 15:11:30","La Parisienne","4.5","4.5","10038"
"3gtheZvv3Or0YzWXIl3SJg","60 W 55th St","French","{""latitude"":{""N"":""40.7625640535871""},""longitude"":{""N"":""-73.9772810679851""}}","2021-10-12 15:08:57","Benoit","3.5","3.5","10019"
"BA6wd1pZTVu1DmrtiyTs8g","180 Prince St","French","{""latitude"":{""N"":""40.72615""},""longitude"":{""N"":""-74.00216""}}","2021-10-12 15:11:30","Raoul's Restaurant","4","4","10012"
"dAHoDxBmzWqfobnTbCHaQA","241 W Broadway","French","{""latitude"":{""N"":""40.71964""},""longitude"":{""N"":""-74.00578""}}","2021-10-12 15:12:24","Frenchette","3.5","3.5","10013"
"bqhBU_iyHpaLlq0WSc5Nkw","1343 2nd Ave","French","{""latitude"":{""N"":""40.7680053710938""},""longitude"":{""N"":""-73.9592895507812""}}","2021-10-12 15:11:24","Jean Claude 2","4","4","10021"
"wpye6v-2fIx7Z2Sz12XubA","200 Lenox Ave","French","{""latitude"":{""N"":""40.8045311""},""longitude"":{""N"":""-73.9473801""}}","2021-10-12 15:14:26","Barawine","3.5","3.5","10027"
"7flJeg5Tnc06cQQ7jnBtxg","211 E 46th St","French","{""latitude"":{""N"":""40.75314""},""longitude"":{""N"":""-73.97179""}}","2021-10-12 15:08:56","Barnea Bistro","4.5","4.5","10017"
"7m4GnzK5pv7qGn-Ar1zabQ","1B West 8th St","French","{""latitude"":{""N"":""40.732552""},""longitude"":{""N"":""-73.996704""}}","2021-10-12 15:13:30","Lena","4.5","4.5","10011"
"t2h_VDI6kw7c1uHvyV-Grw","136 2nd Ave","French","{""latitude"":{""N"":""40.7286485""},""longitude"":{""N"":""-73.98720783""}}","2021-10-12 15:12:23","Brasserie Saint Marc","4","4","10003"
"gISZs8okQgFIpd-yz9aC4w","1010 50th Ave","French","{""latitude"":{""N"":""40.742559""},""longitude"":{""N"":""-73.953697""}}","2021-10-12 15:11:30","Café Henri","4","4","11101"
"a8D87UlkkR3HixryrAay9w","233-235 Front St","French","{""latitude"":{""N"":""40.70757""},""longitude"":{""N"":""-74.00184""}}","2021-10-12 15:13:29","Coco Bistro","4.5","4.5","10038"
"dS2VNgvdLCAxImvcVBV6wA","22 E 54th St","French","{""latitude"":{""N"":""40.760463700357""},""longitude"":{""N"":""-73.9742553564245""}}","2021-10-12 15:11:31","Papillon Bistro & Bar","3.5","3.5","10022"
"VpEy7E9fij06n7BRrzvEaw","80 Wythe Ave","French","{""latitude"":{""N"":""40.72191""},""longitude"":{""N"":""-73.957873""}}","2021-10-12 15:08:51","Le Crocodile","4.5","4.5","11249"
"lu0XMmcPyFGvIgqRcbU_4g","610 Lexington Ave","French","{""latitude"":{""N"":""40.7582033""},""longitude"":{""N"":""-73.9713074""}}","2021-10-12 15:11:23","Le Jardinier","4","4","10022"
"iexl39DYyy_76Xq3ExaJkQ","96 Orchard St","French","{""latitude"":{""N"":""40.71844""},""longitude"":{""N"":""-73.98981""}}","2021-10-12 15:08:59","Excuse My French","4.5","4.5","10002"
"CsZLG1VpdFAZiT_qRRmJ2A","1140 Broadway","French","{""latitude"":{""N"":""40.743927""},""longitude"":{""N"":""-73.9887""}}","2021-10-12 15:11:23","Vin Sur Vingt","4","4","10001"
"'-vBfKWJ1v9YdJQT5XUbcBQ","833 Lexington Ave","French","{""latitude"":{""N"":""40.7649986274526""},""longitude"":{""N"":""-73.9659830279587""}}","2021-10-12 15:11:24","Le Botaniste","4.5","4.5","10065"
"6S62Z7e0UP82shutXERUzA","2723 Broadway","French","{""latitude"":{""N"":""40.8000739""},""longitude"":{""N"":""-73.9682123""}}","2021-10-12 15:11:23","Cafe Du Soleil","3.5","3.5","10025"
"KgpOYAG-r_eDsQXFXt0nnQ","80 Spring St","French","{""latitude"":{""N"":""40.7226892950401""},""longitude"":{""N"":""-73.9982149184027""}}","2021-10-12 15:08:51","Balthazar","4","4","10012"
"aTFkjo0scqmOgsFF5kuGXg","24 5th Ave","French","{""latitude"":{""N"":""40.7331""},""longitude"":{""N"":""-73.99596""}}","2021-10-12 15:08:57","Claudette","4","4","10011"
"xN7JOFf3nBBDxvZ1M4Slbg","1300 Park Ave","French","{""latitude"":{""N"":""40.7529899""},""longitude"":{""N"":""-74.02924""}}","2021-10-12 15:12:23","Barbès Restaurant","4","4","07030"
"'-qxQDGZc8Ejz7MUFlFWyuQ","134 Broadway","French","{""latitude"":{""N"":""40.71002578663716""},""longitude"":{""N"":""-73.96405744314846""}}","2021-10-12 15:08:57","Francie","4.5","4.5","11249"
"K_RLEEEkMmlis5hteYlYUQ","28 E 63rd St","French","{""latitude"":{""N"":""40.7657132""},""longitude"":{""N"":""-73.9692137""}}","2021-10-12 15:13:37","Majorelle","4","4","10065"
"vRrVSB-LegwUwIxpkeRVtQ","155 W 51st St","French","{""latitude"":{""N"":""40.761557""},""longitude"":{""N"":""-73.981763""}}","2021-10-12 15:08:57","Le Bernardin","4.5","4.5","10019"
"7uGPAk8ELYABSzZhXhj7tA","18 Cornelia St","French","{""latitude"":{""N"":""40.7314099""},""longitude"":{""N"":""-74.00197""}}","2021-10-12 15:12:24","Le Gigot","4","4","10014"
"59dXrRQE3JVItSneV3a1bg","129 E 60th St","French","{""latitude"":{""N"":""40.76316""},""longitude"":{""N"":""-73.96814""}}","2021-10-12 15:13:29","Le Veau D'or","3.5","3.5","10022"
"26M6nFVuA4bvhU0TBZOuLg","300 E 52nd St","French","{""latitude"":{""N"":""40.7558717456695""},""longitude"":{""N"":""-73.9673550550069""}}","2021-10-12 15:09:01","Pierre Loti Midtown","4.5","4.5","10022"
"OppTOs3uBwOG29yF45lb8A","218 Bowery","French","{""latitude"":{""N"":""40.7219571708362""},""longitude"":{""N"":""-73.9937923103571""}}","2021-10-12 15:13:30","Mister French","4","4","10012"
"MbLH5wjrqEJAid5woCAh5g","160 7th Ave","French","{""latitude"":{""N"":""40.742311""},""longitude"":{""N"":""-73.997587""}}","2021-10-12 15:12:24","Le Singe","3.5","3.5","10011"
"iQB37FNqD_G5_QMrp9ovnw","42 Rivington St","French","{""latitude"":{""N"":""40.7210234741789""},""longitude"":{""N"":""-73.9910054106201""}}","2021-10-12 15:13:28","Jadis","4","4","10002"
"nRO136GRieGtxz18uD61DA","11 Madison Ave","French","{""latitude"":{""N"":""40.7416907417333""},""longitude"":{""N"":""-73.9872074872255""}}","2021-10-12 15:13:29","Eleven Madison Park","4.5","4.5","10010"
"OwcGML0xYT-t4vmMthgOkA","29 E 65th St","French","{""latitude"":{""N"":""40.7673434""},""longitude"":{""N"":""-73.9682993""}}","2021-10-12 15:13:30","Match 65 Brasserie","3.5","3.5","10065"
"PBUIaPtgnhmdHE3KHglK-g","1 Central Park W","French","{""latitude"":{""N"":""40.7691122743293""},""longitude"":{""N"":""-73.9814290717583""}}","2021-10-12 15:12:24","Jean-Georges","4","4","10023"
"N66LlG3W6Tw5LhUtAE7h1w","123 W 44th St","French","{""latitude"":{""N"":""40.75667""},""longitude"":{""N"":""-73.98414""}}","2021-10-12 15:13:30","Cafe Un Deux Trois","3.5","3.5","10036"
"_FlytyN_g4CjBL14JvrjBw","225 Columbus Ave","French","{""latitude"":{""N"":""40.776204""},""longitude"":{""N"":""-73.979266""}}","2021-10-12 15:12:24","Manny's Bistro","3.5","3.5","10023"
"g6R8iwi__IDy8plQy0v9WQ","242 Mott St","French","{""latitude"":{""N"":""40.7231802723335""},""longitude"":{""N"":""-73.9946175625656""}}","2021-10-12 15:12:24","Café Gitane","4","4","10012"
"7N6Jle8ovxzAiiwwtE77Yw","One Vanderbilt Ave","French","{""latitude"":{""N"":""40.7524571""},""longitude"":{""N"":""-73.978131""}}","2021-10-12 15:11:30","Le Pavillon","4.5","4.5","10017"
"a0AvIH1UnFmqAXhZDEQtrw","1 E 15th St","French","{""latitude"":{""N"":""40.73662""},""longitude"":{""N"":""-73.99272""}}","2021-10-12 15:13:37","Tocqueville Restaurant","4","4","10003"
"aUakHsv3bAk6tDtLe96rIA","14 1st Ave","French","{""latitude"":{""N"":""40.72339""},""longitude"":{""N"":""-73.98817""}}","2021-10-12 15:11:21","Lucien","3.5","3.5","10009"
"GBJOu9Rk4JqqWjB8ddYudw","53 Howard St","French","{""latitude"":{""N"":""40.7202236743825""},""longitude"":{""N"":""-74.0021909441629""}}","2021-10-12 15:12:23","La Mercerie","3","3","10013"
"cRmRAl5HHJcysKBSrHivHA","265 W 20th St","French","{""latitude"":{""N"":""40.7433797337789""},""longitude"":{""N"":""-73.9994259551167""}}","2021-10-12 15:14:26","Lamano Chelsea","4","4","10011"
"Gfo-8z_CMOpHZVhX-HKD0g","189 Amsterdam Ave","French","{""latitude"":{""N"":""40.77643""},""longitude"":{""N"":""-73.983""}}","2021-10-12 15:13:29","Vanguard Wine Bar","4","4","10023"
"8cT6XDwI9KiCaoVohlx42Q","50 W 22nd St","French","{""latitude"":{""N"":""40.74174""},""longitude"":{""N"":""-73.992627""}}","2021-10-12 15:13:29","BXL Zoute","4","4","10010"
"DZaN3bNWfwcm__sNw5bvDg","60 E 65th St","French","{""latitude"":{""N"":""40.7667736797858""},""longitude"":{""N"":""-73.967607""}}","2021-10-12 15:11:24","Daniel","4.5","4.5","10065"
"49ST--X1jcIPzUIM1O3K6w","221 Knickerbocker Ave","French","{""latitude"":{""N"":""40.703252""},""longitude"":{""N"":""-73.925889""}}","2021-10-12 15:08:59","Mominette","4","4","11237"
"uBGjcW-GuYy_qSvMykuISA","128 Macdougal St","French","{""latitude"":{""N"":""40.730022""},""longitude"":{""N"":""-74.000152""}}","2021-10-12 15:12:24","Pommes Frites","4.5","4.5","10012"
"ujk4ucblDD3TwRderV-Q9Q","1 W 59th St","French","{""latitude"":{""N"":""40.76453""},""longitude"":{""N"":""-73.97389""}}","2021-10-12 15:11:30","Tartinery","4","4","10019"
"TQzGf4k3HXyMbnNkYKKQSw","791 Washington Ave","French","{""latitude"":{""N"":""40.673109""},""longitude"":{""N"":""-73.9626279""}}","2021-10-12 15:11:25","Oxalis","4.5","4.5","11238"
"mxDfu4bHwSXoCr3FRpyMsw","238 Malcolm X Blvd","French","{""latitude"":{""N"":""40.68501""},""longitude"":{""N"":""-73.92961""}}","2021-10-12 15:14:26","L'Antagoniste","4.5","4.5","11221"
"ArfL-sU2FaB73WV1qQ4c6Q","346 Bedford Ave","French","{""latitude"":{""N"":""40.71244""},""longitude"":{""N"":""-73.96275""}}","2021-10-12 15:14:27","Simple Cafe & Restaurant","4","4","11249"
"hD55NUiGDK7STQ8oy9QDPA","2885 Broadway","French","{""latitude"":{""N"":""40.8058021""},""longitude"":{""N"":""-73.9658246""}}","2021-10-12 15:08:57","Le Monde","3","3","10025"
"FNxOWxts63oDRKwy9Pbfzw","44 E 28th St","French","{""latitude"":{""N"":""40.7436553""},""longitude"":{""N"":""-73.9852171""}}","2021-10-12 15:14:26","Tarallucci E Vino - Nomad","4","4","10016"
"9pI_G9xGiTY4YCcfe9eoPA","320 Atlantic Ave","French","{""latitude"":{""N"":""40.6879459""},""longitude"":{""N"":""-73.988257""}}","2021-10-12 15:08:57","French Louie","4","4","11201"
"emTmnLlesIwxRofQ34ntdA","135C N 5th St","French","{""latitude"":{""N"":""40.71702""},""longitude"":{""N"":""-73.959077""}}","2021-10-12 15:08:56","Juliette","3.5","3.5","11249"
"6BHKPn6QtTJ0lTZonI-WgQ","630 Hudson St","French","{""latitude"":{""N"":""40.7383532750564""},""longitude"":{""N"":""-74.0055276453495""}}","2021-10-12 15:13:30","The Lavaux","4.5","4.5","10014"
"bEXTA_Gwo2oVg4gnFd9fNA","400 5th Ave","French","{""latitude"":{""N"":""40.7500752""},""longitude"":{""N"":""-73.9837835""}}","2021-10-12 15:13:30","Ai Fiori","4","4","10018"
"50fWXrNECQQYght4ZWeBXQ","558 Broome St","French","{""latitude"":{""N"":""40.724511""},""longitude"":{""N"":""-74.005701""}}","2021-10-12 15:12:23","Taureau","4.5","4.5","10013"
"sHSCUGKAUR9gYThXlginkA","80 Wythe Ave","French","{""latitude"":{""N"":""40.72208""},""longitude"":{""N"":""-73.95785""}}","2021-10-12 15:13:29","Bar Blondeau","4.5","4.5","11249"
"vApeod35mjcuiwrdLnobmQ","311 W 51st St","French","{""latitude"":{""N"":""40.7634048461914""},""longitude"":{""N"":""-73.986213684082""}}","2021-10-12 15:13:29","Tout Va Bien","3.5","3.5","10019"
"9vYSRXdp5JtFmqhi0FigMA","590 Lexington Ave","French","{""latitude"":{""N"":""40.7577089110773""},""longitude"":{""N"":""-73.9717626571655""}}","2021-10-12 15:08:52","Le Relais De Venise L'Entrecôte","4","4","10022"
"CcxreLJbZsO6Z775-hMWpw","304 W 4th St","French","{""latitude"":{""N"":""40.73704""},""longitude"":{""N"":""-74.00386""}}","2021-10-12 15:08:59","St Tropez West Village","4.5","4.5","10014"
"9vQca1DMqfbDGssiqEd6Hw","108 Franklin St","French","{""latitude"":{""N"":""40.728299""},""longitude"":{""N"":""-73.957153""}}","2021-10-12 15:12:23","Le Gamin","3.5","3.5","11222"
"HbCyzokiA19bEWUp6mga_g","211 E 4th St","French","{""latitude"":{""N"":""40.723937""},""longitude"":{""N"":""-73.983519""}}","2021-10-12 15:14:26","bibi","4.5","4.5","10009"
"RP02PZPNdhfoL-TjOMiKVg","44 E 92nd St","French","{""latitude"":{""N"":""40.78447""},""longitude"":{""N"":""-73.95581""}}","2021-10-12 15:11:31","Table d'Hôte","4.5","4.5","10128"
"Orbsfc3nI21mQ8cwSPahhg","295 Grand St","French","{""latitude"":{""N"":""40.71305""},""longitude"":{""N"":""-73.95732""}}","2021-10-12 15:11:30","The Four Horsemen","4.5","4.5","11211"
"LJfveecaTYurCxv1Al9iFw","502 Ave Of The Americas","French","{""latitude"":{""N"":""40.736389""},""longitude"":{""N"":""-73.997146""}}","2021-10-12 15:14:27","Bar Six","3.5","3.5","10011"
"0yMlU3xbdawYFXmjNc0dhw","720 10th Ave","French","{""latitude"":{""N"":""40.76419""},""longitude"":{""N"":""-73.99182""}}","2021-10-12 15:14:26","The Harrow New York","4.5","4.5","10019"
"UJDb0M1eF4KkxJdCTh67cw","610 Lexington Ave","French","{""latitude"":{""N"":""40.7582033""},""longitude"":{""N"":""-73.9713074""}}","2021-10-12 15:11:26","Shun","4","4","10022"
"kmcgUxWhwlbmC-FAMTEF2g","1695 2nd Ave","French","{""latitude"":{""N"":""40.77916""},""longitude"":{""N"":""-73.95104""}}","2021-10-12 15:08:52","Cafe d’Alsace","4","4","10128"
"npWACY8WDDyYhMt0s3YFwQ","100 Riverside Blvd","French","{""latitude"":{""N"":""40.7757""},""longitude"":{""N"":""-73.98948""}}","2021-10-12 15:12:23","Vin Sur Vingt","4","4","10069"
"ZjU9qd-RR55cEEKufmdN5Q","112 E 11th St","French","{""latitude"":{""N"":""40.7316""},""longitude"":{""N"":""-73.98951""}}","2021-10-12 15:08:58","Cathédrale Restaurant","4","4","10003"
"TNymQn5Fb0GobRGbax1vRQ","252 W 46th St","French","{""latitude"":{""N"":""40.75926""},""longitude"":{""N"":""-73.98729""}}","2021-10-12 15:14:26","Pergola Des Artistes","3.5","3.5","10036"
"sBL7J7s4Rnul40-MB0hXbA","2 E 61st St","French","{""latitude"":{""N"":""40.7652523152915""},""longitude"":{""N"":""-73.9719824881672""}}","2021-10-12 15:11:30","Perrine","4","4","10065"
"mjGdtrh0tX7I91GM9dlMNg","185 Sullivan St","French","{""latitude"":{""N"":""40.7283483""},""longitude"":{""N"":""-74.0006612""}}","2021-10-12 15:11:25","MIMI","4","4","10012"
"1DfbZ0VsSCg9g1KILmnvzQ","10 Columbus Cir","French","{""latitude"":{""N"":""40.7681528889558""},""longitude"":{""N"":""-73.9827629623657""}}","2021-10-12 15:11:31","Per Se","4.5","4.5","10019"
"EaNRl3vlDOsNF-gkCR5mBA","416 Amsterdam Ave","French","{""latitude"":{""N"":""40.7838""},""longitude"":{""N"":""-73.97806""}}","2021-10-12 15:08:58","La Sirène-UWS","4","4","10024"
"mCxVAHNCDmWQw7ONts8PSw","721 Main St","French","{""latitude"":{""N"":""40.903654""},""longitude"":{""N"":""-73.789276""}}","2021-10-12 15:14:27","Dubrovnik Restaurant","4","4","10801"
"3qf3FLXxVdX3Wz5F_rTeog","128 Smith St","French","{""latitude"":{""N"":""40.68736766240864""},""longitude"":{""N"":""-73.99028494341295""}}","2021-10-12 15:14:26","Bar Tabac","3.5","3.5","11201"
"ssGhu4n3emZ9kEPVf371IQ","156 10th Ave","French","{""latitude"":{""N"":""40.7454251""},""longitude"":{""N"":""-74.0056084""}}","2021-10-12 15:14:27","Cookshop","4","4","10011"
"nF-EOBd_H1fX50iT1EIVZA","265 E 78th St","French","{""latitude"":{""N"":""40.7728412""},""longitude"":{""N"":""-73.9558687""}}","2021-10-12 15:14:27","Pil Pil","4","4","10075"
"5m-TrbqMNnwJvOd7pAt6OA","511 E 12th St","French","{""latitude"":{""N"":""40.7289298""},""longitude"":{""N"":""-73.980601""}}","2021-10-12 15:08:54","Raclette","4","4","10009"
"g3jNtkQZVZrrC823oBxdtg","380 Lafayette St","French","{""latitude"":{""N"":""40.727617""},""longitude"":{""N"":""-73.993464""}}","2021-10-12 15:14:27","Lafayette Grand Café & Bakery","3.5","3.5","10003"
"qcvGRJT3QedXz7p3_CDmmA","30 E 68th St","French","{""latitude"":{""N"":""40.7689753""},""longitude"":{""N"":""-73.9670732""}}","2021-10-12 15:12:24","Bel Ami","4","4","10065"
"Ih7hLJl-UiGSrBEI3A12gA","19 E 69th St","French","{""latitude"":{""N"":""40.7697443505402""},""longitude"":{""N"":""-73.966497""}}","2021-10-12 15:14:26","Le Charlot","3","3","10021"
"qOomR3AwClOGpV1HdqOTFg","177 Henry St","French","{""latitude"":{""N"":""40.7136187""},""longitude"":{""N"":""-73.9888503""}}","2021-10-12 15:11:31","Les Enfants de Boheme","4.5","4.5","10002"
"8xYvp9j7j8RCRQGsiRRujQ","177 9th Ave","French","{""latitude"":{""N"":""40.745044""},""longitude"":{""N"":""-74.002863""}}","2021-10-12 15:09:02","La Bergamote NYC","4","4","10011"
"kHeakps7Gj8EaImiOYaX8g","188 Orchard St","French","{""latitude"":{""N"":""40.7218274586187""},""longitude"":{""N"":""-73.9879689992204""}}","2021-10-12 15:08:59","Le French Diner","4.5","4.5","10002"
"JUGgD5WXc8eU5MoBKrfSGA","85 10th Ave","French","{""latitude"":{""N"":""40.743052""},""longitude"":{""N"":""-74.007872""}}","2021-10-12 15:11:23","L'Atelier de Joël Robuchon","4.5","4.5","10011"
"PszZvrDqzgPpl6SQuk3K9Q","773 Fulton St","French","{""latitude"":{""N"":""40.68618""},""longitude"":{""N"":""-73.97377""}}","2021-10-12 15:13:30","Endswell Bar & Bistro","4.5","4.5","11217"
"Su-MRJLlxUtjU_-V5viYYA","2340 Broadway","French","{""latitude"":{""N"":""40.7877322""},""longitude"":{""N"":""-73.9767123""}}","2021-10-12 15:12:23","French Roast","3","3","10024"
"xEDD2ScBU3jHhWxlMC7dkQ","1 Central Park W","French","{""latitude"":{""N"":""40.76891""},""longitude"":{""N"":""-73.98176""}}","2021-10-12 15:12:23","Nougatine at Jean-Georges","4","4","10023"
"3zbz9kLrLKHCBeGrNhMMGA","302 Bleecker St","French","{""latitude"":{""N"":""40.732484""},""longitude"":{""N"":""-74.003915""}}","2021-10-12 15:08:58","L'Accolade","4.5","4.5","10014"
"p6-X_mg5ETcUuV-X4RkPCg","931 Manhattan Ave","French","{""latitude"":{""N"":""40.7312""},""longitude"":{""N"":""-73.95459""}}","2021-10-12 15:11:25","Citroën","4.5","4.5","11222"
"hcGcjMrRcVSLzmBIsMIcwQ","501 E 75th St","French","{""latitude"":{""N"":""40.7687""},""longitude"":{""N"":""-73.95182""}}","2021-10-12 15:12:23","Chez Les Frenchies","5","5","10021"
"xQ445GaWVN5Aa3sFX9OoIg","42 Grove St","French","{""latitude"":{""N"":""40.732704""},""longitude"":{""N"":""-74.004317""}}","2021-10-12 15:08:54","Buvette","4","4","10014"
"PXTzmqJW7gbK-IkfKBEnFw","33-04 36th Ave","French","{""latitude"":{""N"":""40.7557027855819""},""longitude"":{""N"":""-73.9280135680406""}}","2021-10-12 15:13:29","Cafe Triskell","4.5","4.5","11106"
"hmdm-dO72hLsMQwQRcGEUQ","15 Main St","French","{""latitude"":{""N"":""40.7033899""},""longitude"":{""N"":""-73.9904923""}}","2021-10-12 15:14:27","Atrium Dumbo","3.5","3.5","11201"
"qLL_x4uzDHCgXd9lwaGxjw","48 W 8th St","French","{""latitude"":{""N"":""40.73313""},""longitude"":{""N"":""-73.99867""}}","2021-10-12 15:11:31","Frevo","4.5","4.5","10011"
"qEbQbYZxurnuVxDrNHQUJg","75 W 68th St","French","{""latitude"":{""N"":""40.7749214172363""},""longitude"":{""N"":""-73.9802398681641""}}","2021-10-12 15:12:24","La Boite en Bois","3.5","3.5","10023"
"pDwhlX9jNBGnjvyGR9jYWQ","41 W 42nd St","French","{""latitude"":{""N"":""40.754546""},""longitude"":{""N"":""-73.982556""}}","2021-10-12 15:12:23","Gabriel Kreuther","4.5","4.5","10036"
"gtXP0CmOnBbgfnff7VXa7A","52 Gansevoort St","French","{""latitude"":{""N"":""40.73928""},""longitude"":{""N"":""-74.00695""}}","2021-10-12 15:08:55","Pastis","4","4","10014"
"mJeKLz8GC4x6HGWNun1CNA","263 Smith St","French","{""latitude"":{""N"":""40.6830415993956""},""longitude"":{""N"":""-73.9928337145761""}}","2021-10-12 15:11:30","Bar Bête","4.5","4.5","11231"
"WBPbYPBrha8jxeUuqreYpQ","530 Driggs Ave","French","{""latitude"":{""N"":""40.71755""},""longitude"":{""N"":""-73.95603""}}","2021-10-12 15:12:24","Bistro So","5","5","11211"
"yvhhKv2CDjuJsC4ecG848g","20 E 60th St","French","{""latitude"":{""N"":""40.76381""},""longitude"":{""N"":""-73.97058""}}","2021-10-12 15:11:30","Le Bilboquet","3.5","3.5","10022"
"fFkqEyupjc5x2iJQIPcpLw","125 E 7th St","French","{""latitude"":{""N"":""40.7264""},""longitude"":{""N"":""-73.98411""}}","2021-10-12 15:13:29","Ruffian","4.5","4.5","10009"
"flcy6dNr4s12PTv6VtBK9Q","137 Eldridge St","French","{""latitude"":{""N"":""40.719135""},""longitude"":{""N"":""-73.991758""}}","2021-10-12 15:08:57","LĒNA","4.5","4.5","10002"
"CsdS-L70jLn-exz34j8h5Q","8 East 50th St","French","{""latitude"":{""N"":""40.758267086090314""},""longitude"":{""N"":""-73.9768371""}}","2021-10-12 15:13:30","L'avenue at Saks","4","4","10022"
"fSQ3CCtFSJ2S8VXDi02-3Q","200 W 70th St","French","{""latitude"":{""N"":""40.77741""},""longitude"":{""N"":""-73.98312""}}","2021-10-12 15:09:01","Cafe Luxembourg","4","4","10023"
"2VpurA2lb-q90nmALklNcA","176 Perry St","French","{""latitude"":{""N"":""40.73442""},""longitude"":{""N"":""-74.00971""}}","2021-10-12 15:12:23","Perry St","4","4","10014"
"CAjV0WZ--OxkepK2CIDBBA","27 E 62nd St","French","{""latitude"":{""N"":""40.7653496594521""},""longitude"":{""N"":""-73.9698017113384""}}","2021-10-12 15:13:29","Fleming by Le Bilboquet","3.5","3.5","10065"
"ATQDTQu3SsCetuG-byzOFg","70 Hudson Ave","French","{""latitude"":{""N"":""40.7028272982236""},""longitude"":{""N"":""-73.9812811999999""}}","2021-10-12 15:14:26","Cafe Gitane","4.5","4.5","11201"
"Oz98C9STC5axnUJgZP4tgA","108-25 Ascan Ave","French","{""latitude"":{""N"":""40.718172""},""longitude"":{""N"":""-73.840906""}}","2021-10-12 15:14:26","White Radish","4","4","11375"
"PMJOGt8QQmo-2A4DnUcmZQ","225 Liberty St","French","{""latitude"":{""N"":""40.712344""},""longitude"":{""N"":""-74.015511""}}","2021-10-12 15:12:23","Liberty Bistro","4","4","10080"
"TfeWzIvhIInBxaKG0Ngmqw","1590 Park Ave","French","{""latitude"":{""N"":""40.7985629667818""},""longitude"":{""N"":""-73.9437040686607""}}","2021-10-12 15:14:27","Amuse Bouche Bistro","5","5","10029"
"9hymSYLt86GH7U0qjTf0KA","75 9th Ave","French","{""latitude"":{""N"":""40.74196""},""longitude"":{""N"":""-74.0051318""}}","2021-10-12 15:14:26","Tiny Feast","4","4","10011"
"z8TIY5xLeQptbXxZp3LpsA","15 W 56th St","French","{""latitude"":{""N"":""40.762862""},""longitude"":{""N"":""-73.975396""}}","2021-10-12 15:12:24","Felice 56","4.5","4.5","10019"
"DhBhEWMVLDxYF14a1znUvA","145 Borinquen Pl","French","{""latitude"":{""N"":""40.7104080536563""},""longitude"":{""N"":""-73.9539040490168""}}","2021-10-12 15:12:24","Lighthouse","4","4","11211"
"hiTfA7vnxDSLv77nl6UQXQ","355 Metropolitan Ave","French","{""latitude"":{""N"":""40.7143299""},""longitude"":{""N"":""-73.95604""}}","2021-10-12 15:13:30","St. Anselm","4","4","11211"
"LF2_slTY37P0Ua8vI4Hr5g","180 Spring St","French","{""latitude"":{""N"":""40.724678""},""longitude"":{""N"":""-74.002624""}}","2021-10-12 15:12:23","Bistro Les Amis","4","4","10012"
"uA0ua1WnE43E0PrQxni65g","790 9th Ave","French","{""latitude"":{""N"":""40.7648963928223""},""longitude"":{""N"":""-73.9875030517578""}}","2021-10-12 15:12:23","Poulette Rotisserie","4","4","10019"
"jeJfYLekXo3yxUpDfNukyQ","167 Park Ave","French","{""latitude"":{""N"":""40.82503""},""longitude"":{""N"":""-74.10933""}}","2021-10-12 15:11:30","Cafe Matisse","4.5","4.5","07070"
"nw5_0jb_u2a6nUt4Je09Xg","39-06 1/2 64th St","French","{""latitude"":{""N"":""40.746291""},""longitude"":{""N"":""-73.900092""}}","2021-10-12 15:14:26","Casa Del Chef Bistro","4.5","4.5","11377"
"JbpjgLAk4DaP0zvY7dP9Hw","1001 Washington St","French","{""latitude"":{""N"":""40.7486464""},""longitude"":{""N"":""-74.027349""}}","2021-10-12 15:14:27","Elysian Cafe","3.5","3.5","07030"
"nlmFAz_93gjSUfmvmv8Tog","183 9th Ave","French","{""latitude"":{""N"":""40.7454064780449""},""longitude"":{""N"":""-74.0024026704959""}}","2021-10-12 15:08:58","Le Grainne Cafe","4","4","10011"
"cJREPXNhyznkLrKhjg9hoA","5012 Vernon Blvd","French","{""latitude"":{""N"":""40.74239""},""longitude"":{""N"":""-73.95451""}}","2021-10-12 15:12:24","Tournesol","4","4","11101"
"IVjpsmmsgc42k9K2RZR3Qg","105 Norman Ave","French","{""latitude"":{""N"":""40.7258415222168""},""longitude"":{""N"":""-73.9511032104492""}}","2021-10-12 15:13:37","Le Fond","4.5","4.5","11222"
"PYcL2z9gHj6-ZTlViT9Nqw","113 Macdougal St","French","{""latitude"":{""N"":""40.7300047976758""},""longitude"":{""N"":""-74.0006073834151""}}","2021-10-12 15:13:29","Minetta Tavern","4","4","10012"
"C6f_MQaRwIbJ8diailVaCA","225 Liberty St","French","{""latitude"":{""N"":""40.712708""},""longitude"":{""N"":""-74.015919""}}","2021-10-12 15:11:24","L'Appart","5","5","10281"
"ZWPgzW0qqtksyI3GxCPM-Q","322 E 86th St","French","{""latitude"":{""N"":""40.77722""},""longitude"":{""N"":""-73.95092""}}","2021-10-12 15:11:25","Little Frog Bistro & Bar","4","4","10028"
"zBButa4blgIhHru9B2qMrw","1 S Elliott Pl","French","{""latitude"":{""N"":""40.6896094060701""},""longitude"":{""N"":""-73.975917359407""}}","2021-10-12 15:13:37","Café Paulette","4","4","11217"
"l2b6HJGarUxoeLnM9syTmg","249 Ctr St","French","{""latitude"":{""N"":""40.7205157""},""longitude"":{""N"":""-73.9981652""}}","2021-10-12 15:12:23","Compagnie des Vins Surnaturels","4.5","4.5","10013"
"9w3zIx0-n7qPLQynU8saHA","1590 First Ave","French","{""latitude"":{""N"":""40.77469""},""longitude"":{""N"":""-73.95075""}}","2021-10-12 15:12:24","AOC East","4","4","10028"
"xGQ26ijvBi9DKVVG7DQOlA","1439 York Ave","French","{""latitude"":{""N"":""40.7698415""},""longitude"":{""N"":""-73.9519402""}}","2021-10-12 15:12:23","Le Moulin a Cafe","4","4","10075"
"'-7PnG_cD9VY-IfHGWzynmQ","76 Ainslie St","French","{""latitude"":{""N"":""40.712343""},""longitude"":{""N"":""-73.952121""}}","2021-10-12 15:14:26","Ainslie","4","4","11211"
"ZxfXy-odIz_Xi1i9Uu00pg","48 W 55th St","French","{""latitude"":{""N"":""40.7624""},""longitude"":{""N"":""-73.97694""}}","2021-10-12 15:08:59","La Bonne Soupe","3.5","3.5","10019"
"9f6chaCx20d1A0Abo6NzUw","924 2nd Ave","French","{""latitude"":{""N"":""40.75428""},""longitude"":{""N"":""-73.9687299""}}","2021-10-12 15:11:30","Chateau 49 Bar A Vin","4","4","10022"
"hpRrYBbKUqv8ewFKDjbjoA","316 Court St","French","{""latitude"":{""N"":""40.683438""},""longitude"":{""N"":""-73.995711""}}","2021-10-12 15:14:26","Gersi","4.5","4.5","11231"
"K6ik5ceZaea55wXnmHWz0Q","43-46 46th St","French","{""latitude"":{""N"":""40.743560749198224""},""longitude"":{""N"":""-73.91874828398852""}}","2021-10-12 15:11:30","Bliss 46 Bistro","4","4","11104"
"_F-GTYP0Cfc6LGamqRhXgQ","33-01 Ditmars Blvd","French","{""latitude"":{""N"":""40.775414""},""longitude"":{""N"":""-73.9093017""}}","2021-10-12 15:13:29","Boutique Bistro Bar","4.5","4.5","11105"
"q-QEwZi32JCnjb7zbY-PQw","108 E 4th St","French","{""latitude"":{""N"":""40.72551""},""longitude"":{""N"":""-73.98838""}}","2021-10-12 15:13:28","Soogil","4","4","10003"
"urAFiOOP-QGzD8sUwFsb6g","587 Manhattan Ave","French","{""latitude"":{""N"":""40.72288""},""longitude"":{""N"":""-73.95039""}}","2021-10-12 15:14:27","Coast and Valley","4.5","4.5","11222"
"CZg05roVBkzu1QzxTHfkPw","39 13 Bell Blvd","French","{""latitude"":{""N"":""40.76492513125973""},""longitude"":{""N"":""-73.77149154087756""}}","2021-10-12 15:11:24","FINO French Bistro","4","4","11361"
"uuDvk4EsRUkeTj4jVKJOpw","60 W 57th St","French","{""latitude"":{""N"":""40.7640285260993""},""longitude"":{""N"":""-73.9770378404755""}}","2021-10-12 15:13:30","Rue 57","3.5","3.5","10019"
"ByIhI19_bVFl5koNk0ylpw","10 Columbus Cir","French","{""latitude"":{""N"":""40.768494""},""longitude"":{""N"":""-73.983072""}}","2021-10-12 15:12:24","Tartinery","4","4","10019"
"3qIISjUYn1tbqHXi7nCLXg","242 E 50th St","French","{""latitude"":{""N"":""40.75502""},""longitude"":{""N"":""-73.96913""}}","2021-10-12 15:13:29","Sofia Wine Bar","4","4","10022"
"Gc7OVEIs4HodL4hw9U3C3w","891 1st Ave","French","{""latitude"":{""N"":""40.75407""},""longitude"":{""N"":""-73.96623""}}","2021-10-12 15:08:56","Copinette","4","4","10022"
"3y_-DwmoM198umnZHSOmKQ","385 Greenwich St","French","{""latitude"":{""N"":""40.72021""},""longitude"":{""N"":""-74.00996""}}","2021-10-12 15:11:30","Yves","4","4","10013"
"OsA5iRphHwPlYNhdddvBng","231 Court St","French","{""latitude"":{""N"":""40.68606512542637""},""longitude"":{""N"":""-73.99388911165558""}}","2021-10-12 15:14:26","June","4","4","11201"
"DGhWO1sUWydVeR5j5ZZaMw","145 W 53rd St","French","{""latitude"":{""N"":""40.7626274""},""longitude"":{""N"":""-73.98084109999999""}}","2021-10-12 15:08:50","La Grande Boucherie","4.5","4.5","10019"
"h_qGWauoScc3tMBDBb-few","251 E 110th St","French","{""latitude"":{""N"":""40.79349""},""longitude"":{""N"":""-73.941""}}","2021-10-12 15:13:30","GAUDir","5","5","10029"
"8XHbZIKDQbXhyKIGiukVeQ","225 Park Ave S","French","{""latitude"":{""N"":""40.73725824850519""},""longitude"":{""N"":""-73.9882252705524""}}","2021-10-12 15:08:54","Boucherie Union Square","4.5","4.5","10003"